{"cameraMode":{"drawMode":0,"name":"Shaded","section":"Shading Mode"},"sceneLighting":false,"audioPlay":false,"sceneViewState":{"m_AlwaysRefresh":false,"showFog":true,"showSkybox":false,"showFlares":true,"showImageEffects":true,"showParticleSystems":true,"showVisualEffectGraphs":true,"m_FxEnabled":true},"in2DMode":false,"pivot":{"x":1.3821343183517457,"y":-0.04434824362397194,"z":-0.08209048956632614},"rotation":{"x":0.03159623593091965,"y":-0.2893819510936737,"z":0.01196228340268135,"w":0.9566205143928528},"size":0.7441655993461609,"orthographic":false}